[
   {
      "country-code": "af",
      "display-name": "Afghanistan",
      "aliases": [
         "afghanistan"
      ]
   },
   {
      "country-code": "al",
      "display-name": "Albania",
      "aliases": [
         "albania"
      ]
   },
   {
      "country-code": "dz",
      "display-name": "Algeria",
      "aliases": [
         "algeria"
      ]
   },
   {
      "country-code": "as",
      "display-name": "American Samoa",
      "aliases": [
         "american samoa"
      ]
   },
   {
      "country-code": "ad",
      "display-name": "Andorra",
      "aliases": [
         "andorra"
      ]
   },
   {
      "country-code": "ao",
      "display-name": "Angola",
      "aliases": [
         "angola"
      ]
   },
   {
      "country-code": "ai",
      "display-name": "Anguilla",
      "aliases": [
         "anguilla"
      ]
   },
   {
      "country-code": "aq",
      "display-name": "Antarctica",
      "aliases": [
         "antarctica"
      ]
   },
   {
      "country-code": "ag",
      "display-name": "Antigua and Barbuda",
      "aliases": [
         "antigua",
         "barbuda"
      ]
   },
   {
      "country-code": "ar",
      "display-name": "Argentina",
      "aliases": [
         "argentina"
      ]
   },
   {
      "country-code": "am",
      "display-name": "Armenia",
      "aliases": [
         "armenia"
      ]
   },
   {
      "country-code": "aw",
      "display-name": "Aruba",
      "aliases": [
         "aruba"
      ]
   },
   {
      "country-code": "au",
      "display-name": "Australia",
      "aliases": [
         "australia"
      ]
   },
   {
      "country-code": "at",
      "display-name": "Austria",
      "aliases": [
         "austria"
      ]
   },
   {
      "country-code": "az",
      "display-name": "Azerbaijan",
      "aliases": [
         "azerbaijan"
      ]
   },
   {
      "country-code": "bs",
      "display-name": "Bahamas",
      "aliases": [
         "bahamas"
      ]
   },
   {
      "country-code": "bh",
      "display-name": "Bahrain",
      "aliases": [
         "bahrain"
      ]
   },
   {
      "country-code": "bd",
      "display-name": "Bangladesh",
      "aliases": [
         "bangladesh"
      ]
   },
   {
      "country-code": "bb",
      "display-name": "Barbados",
      "aliases": [
         "barbados"
      ]
   },
   {
      "country-code": "by",
      "display-name": "Belarus",
      "aliases": [
         "belarus"
      ]
   },
   {
      "country-code": "be",
      "display-name": "Belgium",
      "aliases": [
         "belgium"
      ]
   },
   {
      "country-code": "bz",
      "display-name": "Belize",
      "aliases": [
         "belize"
      ]
   },
   {
      "country-code": "bj",
      "display-name": "Benin",
      "aliases": [
         "benin"
      ]
   },
   {
      "country-code": "bm",
      "display-name": "Bermuda",
      "aliases": [
         "bermuda"
      ]
   },
   {
      "country-code": "bt",
      "display-name": "Bhutan",
      "aliases": [
         "bhutan"
      ]
   },
   {
      "country-code": "bo",
      "display-name": "Plurinational State of Bolivia",
      "aliases": [
         "bolivia"
      ]
   },
   {
      "country-code": "bq",
      "display-name": "Caribbean Netherlands",
      "aliases": [
         "bonaire",
         "sint eustatius",
         "saba",
         "caribbean netherlands"
      ]
   },
   {
      "country-code": "ba",
      "display-name": "Bosnia and Herzegovina",
      "aliases": [
         "bosnia",
         "herzegovina"
      ]
   },
   {
      "country-code": "bw",
      "display-name": "Botswana",
      "aliases": [
         "botswana"
      ]
   },
   {
      "country-code": "bv",
      "display-name": "Bouvet Island",
      "aliases": [
         "bouvet"
      ]
   },
   {
      "country-code": "br",
      "display-name": "Brazil",
      "aliases": [
         "brazil"
      ]
   },
   {
      "country-code": "io",
      "display-name": "British Indian Ocean Territory",
      "aliases": [
         "british indian ocean territory"
      ]
   },
   {
      "country-code": "bn",
      "display-name": "Brunei Darussalam",
      "aliases": [
         "brunei darussalam"
      ]
   },
   {
      "country-code": "bg",
      "display-name": "Bulgaria",
      "aliases": [
         "bulgaria"
      ]
   },
   {
      "country-code": "bf",
      "display-name": "Burkina Faso",
      "aliases": [
         "burkina faso"
      ]
   },
   {
      "country-code": "bi",
      "display-name": "Burundi",
      "aliases": [
         "burundi"
      ]
   },
   {
      "country-code": "kh",
      "display-name": "Cambodia",
      "aliases": [
         "cambodia"
      ]
   },
   {
      "country-code": "cm",
      "display-name": "Cameroon",
      "aliases": [
         "cameroon"
      ]
   },
   {
      "country-code": "ca",
      "display-name": "Canada",
      "aliases": [
         "canada"
      ]
   },
   {
      "country-code": "cv",
      "display-name": "Cape Verde",
      "aliases": [
         "cape verde"
      ]
   },
   {
      "country-code": "ky",
      "display-name": "Cayman Islands",
      "aliases": [
         "cayman islands"
      ]
   },
   {
      "country-code": "cf",
      "display-name": "Central African Republic",
      "aliases": [
         "central african republic"
      ]
   },
   {
      "country-code": "td",
      "display-name": "Chad",
      "aliases": [
         "chad"
      ]
   },
   {
      "country-code": "cl",
      "display-name": "Chile",
      "aliases": [
         "chile"
      ]
   },
   {
      "country-code": "cn",
      "display-name": "China",
      "aliases": [
         "china",
         "chinese"
      ]
   },
   {
      "country-code": "cx",
      "display-name": "Christmas Island",
      "aliases": [
         "christmas island"
      ]
   },
   {
      "country-code": "cc",
      "display-name": "Cocos (Keeling) Islands",
      "aliases": [
         "cocos",
         "keeling"
      ]
   },
   {
      "country-code": "co",
      "display-name": "Colombia",
      "aliases": [
         "colombia"
      ]
   },
   {
      "country-code": "km",
      "display-name": "Comoros",
      "aliases": [
         "comoros"
      ]
   },
   {
      "country-code": "cg",
      "display-name": "Congo",
      "aliases": [
         "congo"
      ]
   },
   {
      "country-code": "cd",
      "display-name": "the Democratic Republic of the Congo",
      "aliases": [
         "congo"
      ]
   },
   {
      "country-code": "ck",
      "display-name": "Cook Islands",
      "aliases": [
         "cook islands"
      ]
   },
   {
      "country-code": "cr",
      "display-name": "Costa Rica",
      "aliases": [
         "costa rica"
      ]
   },
   {
      "country-code": "hr",
      "display-name": "Croatia",
      "aliases": [
         "croatia"
      ]
   },
   {
      "country-code": "cu",
      "display-name": "Cuba",
      "aliases": [
         "cuba"
      ]
   },
   {
      "country-code": "cw",
      "display-name": "Cura\u00e7ao",
      "aliases": [
         "cura\u00e7ao",
         "curaçao",
         "curacao"
      ]
   },
   {
      "country-code": "cy",
      "display-name": "Cyprus",
      "aliases": [
         "cyprus"
      ]
   },
   {
      "country-code": "cz",
      "display-name": "Czech Republic",
      "aliases": [
         "czech republic"
      ]
   },
   {
      "country-code": "ci",
      "display-name": "\"C\u00f4te dIvoire\"",
      "aliases": [
         "\"c\u00f4te divoire\"",
         "cote d'ivoire",
         "cote diviore"
      ]
   },
   {
      "country-code": "dk",
      "display-name": "Denmark",
      "aliases": [
         "denmark"
      ]
   },
   {
      "country-code": "dj",
      "display-name": "Djibouti",
      "aliases": [
         "djibouti"
      ]
   },
   {
      "country-code": "dm",
      "display-name": "Dominica",
      "aliases": [
         "dominica"
      ]
   },
   {
      "country-code": "do",
      "display-name": "Dominican Republic",
      "aliases": [
         "dominican republic"
      ]
   },
   {
      "country-code": "ec",
      "display-name": "Ecuador",
      "aliases": [
         "ecuador"
      ]
   },
   {
      "country-code": "eg",
      "display-name": "Egypt",
      "aliases": [
         "egypt"
      ]
   },
   {
      "country-code": "sv",
      "display-name": "El Salvador",
      "aliases": [
         "el salvador"
      ]
   },
   {
      "country-code": "gq",
      "display-name": "Equatorial Guinea",
      "aliases": [
         "equatorial guinea"
      ]
   },
   {
      "country-code": "er",
      "display-name": "Eritrea",
      "aliases": [
         "eritrea"
      ]
   },
   {
      "country-code": "ee",
      "display-name": "Estonia",
      "aliases": [
         "estonia"
      ]
   },
   {
      "country-code": "et",
      "display-name": "Ethiopia",
      "aliases": [
         "ethiopia"
      ]
   },
   {
      "country-code": "fk",
      "display-name": "Falkland Islands (Malvinas)",
      "aliases": [
         "falkland islands",
         "malvinas"
      ]
   },
   {
      "country-code": "fo",
      "display-name": "Faroe Islands",
      "aliases": [
         "faroe islands"
      ]
   },
   {
      "country-code": "fj",
      "display-name": "Fiji",
      "aliases": [
         "fiji"
      ]
   },
   {
      "country-code": "fi",
      "display-name": "Finland",
      "aliases": [
         "finland"
      ]
   },
   {
      "country-code": "fr",
      "display-name": "France",
      "aliases": [
         "france"
      ]
   },
   {
      "country-code": "gf",
      "display-name": "French Guiana",
      "aliases": [
         "french guiana"
      ]
   },
   {
      "country-code": "pf",
      "display-name": "French Polynesia",
      "aliases": [
         "french polynesia"
      ]
   },
   {
      "country-code": "tf",
      "display-name": "French Southern Territories",
      "aliases": [
         "french southern territories"
      ]
   },
   {
      "country-code": "ga",
      "display-name": "Gabon",
      "aliases": [
         "gabon"
      ]
   },
   {
      "country-code": "gm",
      "display-name": "Gambia",
      "aliases": [
         "gambia"
      ]
   },
   {
      "country-code": "ge",
      "display-name": "Georgia",
      "aliases": [
         "georgia"
      ]
   },
   {
      "country-code": "de",
      "display-name": "Germany",
      "aliases": [
         "germany"
      ]
   },
   {
      "country-code": "gh",
      "display-name": "Ghana",
      "aliases": [
         "ghana"
      ]
   },
   {
      "country-code": "gi",
      "display-name": "Gibraltar",
      "aliases": [
         "gibraltar"
      ]
   },
   {
      "country-code": "gr",
      "display-name": "Greece",
      "aliases": [
         "greece"
      ]
   },
   {
      "country-code": "gl",
      "display-name": "Greenland",
      "aliases": [
         "greenland"
      ]
   },
   {
      "country-code": "gd",
      "display-name": "Grenada",
      "aliases": [
         "grenada"
      ]
   },
   {
      "country-code": "gp",
      "display-name": "Guadeloupe",
      "aliases": [
         "guadeloupe"
      ]
   },
   {
      "country-code": "gu",
      "display-name": "Guam",
      "aliases": [
         "guam"
      ]
   },
   {
      "country-code": "gt",
      "display-name": "Guatemala",
      "aliases": [
         "guatemala"
      ]
   },
   {
      "country-code": "gg",
      "display-name": "Guernsey",
      "aliases": [
         "guernsey"
      ]
   },
   {
      "country-code": "gn",
      "display-name": "Guinea",
      "aliases": [
         "guinea"
      ]
   },
   {
      "country-code": "gw",
      "display-name": "Guinea-Bissau",
      "aliases": [
         "guinea-bissau"
      ]
   },
   {
      "country-code": "gy",
      "display-name": "Guyana",
      "aliases": [
         "guyana"
      ]
   },
   {
      "country-code": "ht",
      "display-name": "Haiti",
      "aliases": [
         "haiti"
      ]
   },
   {
      "country-code": "hm",
      "display-name": "Heard Island and McDonald Islands",
      "aliases": [
         "heard island",
         "mcdonald islands"
      ]
   },
   {
      "country-code": "va",
      "display-name": "Holy See (Vatican City State)",
      "aliases": [
         "holy see",
         "vatican city"
      ]
   },
   {
      "country-code": "hn",
      "display-name": "Honduras",
      "aliases": [
         "honduras"
      ]
   },
   {
      "country-code": "hk",
      "display-name": "Hong Kong",
      "aliases": [
         "hong kong"
      ]
   },
   {
      "country-code": "hu",
      "display-name": "Hungary",
      "aliases": [
         "hungary"
      ]
   },
   {
      "country-code": "gb",
      "display-name": "United Kingdom",
      "aliases": [
         " uk ",
         "united kingdom",
         "union jack"
      ]
   },
   {
      "country-code": "is",
      "display-name": "Iceland",
      "aliases": [
         "iceland"
      ]
   },
   {
      "country-code": "in",
      "display-name": "India",
      "aliases": [
         "india"
      ]
   },
   {
      "country-code": "id",
      "display-name": "Indonesia",
      "aliases": [
         "indonesia"
      ]
   },
   {
      "country-code": "ir",
      "display-name": "Islamic Republic of Iran",
      "aliases": [
         "iran"
      ]
   },
   {
      "country-code": "iq",
      "display-name": "Iraq",
      "aliases": [
         "iraq"
      ]
   },
   {
      "country-code": "ie",
      "display-name": "Ireland",
      "aliases": [
         "ireland"
      ]
   },
   {
      "country-code": "im",
      "display-name": "Isle of Man",
      "aliases": [
         "isle of man"
      ]
   },
   {
      "country-code": "il",
      "display-name": "Israel",
      "aliases": [
         "israel"
      ]
   },
   {
      "country-code": "it",
      "display-name": "Italy",
      "aliases": [
         "italy"
      ]
   },
   {
      "country-code": "jm",
      "display-name": "Jamaica",
      "aliases": [
         "jamaica"
      ]
   },
   {
      "country-code": "jp",
      "display-name": "Japan",
      "aliases": [
         "japan"
      ]
   },
   {
      "country-code": "je",
      "display-name": "Jersey",
      "aliases": [
         "jersey"
      ]
   },
   {
      "country-code": "jo",
      "display-name": "Jordan",
      "aliases": [
         "jordan"
      ]
   },
   {
      "country-code": "kz",
      "display-name": "Kazakhstan",
      "aliases": [
         "kazakhstan"
      ]
   },
   {
      "country-code": "ke",
      "display-name": "Kenya",
      "aliases": [
         "kenya"
      ]
   },
   {
      "country-code": "ki",
      "display-name": "Kiribati",
      "aliases": [
         "kiribati"
      ]
   },
   {
      "country-code": "kp",
      "display-name": "North Korea",
      "aliases": [
         "democratic peoples republic of korea",
         "north korea"
      ]
   },
   {
      "country-code": "kr",
      "display-name": "South Korea",
      "aliases": [
         "republic of korea",
         "south korea"
      ]
   },
   {
      "country-code": "kw",
      "display-name": "Kuwait",
      "aliases": [
         "kuwait"
      ]
   },
   {
      "country-code": "kg",
      "display-name": "Kyrgyzstan",
      "aliases": [
         "kyrgyzstan"
      ]
   },
   {
      "country-code": "la",
      "display-name": "Lao Peoples Democratic Republic",
      "aliases": [
         "lao peoples democratic republic",
         "laos"
      ]
   },
   {
      "country-code": "lv",
      "display-name": "Latvia",
      "aliases": [
         "latvia"
      ]
   },
   {
      "country-code": "lb",
      "display-name": "Lebanon",
      "aliases": [
         "lebanon"
      ]
   },
   {
      "country-code": "ls",
      "display-name": "Lesotho",
      "aliases": [
         "lesotho"
      ]
   },
   {
      "country-code": "lr",
      "display-name": "Liberia",
      "aliases": [
         "liberia"
      ]
   },
   {
      "country-code": "ly",
      "display-name": "Libya",
      "aliases": [
         "libya"
      ]
   },
   {
      "country-code": "li",
      "display-name": "Liechtenstein",
      "aliases": [
         "liechtenstein"
      ]
   },
   {
      "country-code": "lt",
      "display-name": "Lithuania",
      "aliases": [
         "lithuania"
      ]
   },
   {
      "country-code": "lu",
      "display-name": "Luxembourg",
      "aliases": [
         "luxembourg"
      ]
   },
   {
      "country-code": "mo",
      "display-name": "Macao",
      "aliases": [
         "macao"
      ]
   },
   {
      "country-code": "mk",
      "display-name": "The former Yugoslav Republic of Macedonia",
      "aliases": [
         "macedonia"
      ]
   },
   {
      "country-code": "mg",
      "display-name": "Madagascar",
      "aliases": [
         "madagascar"
      ]
   },
   {
      "country-code": "mw",
      "display-name": "Malawi",
      "aliases": [
         "malawi"
      ]
   },
   {
      "country-code": "my",
      "display-name": "Malaysia",
      "aliases": [
         "malaysia"
      ]
   },
   {
      "country-code": "mv",
      "display-name": "Maldives",
      "aliases": [
         "maldives"
      ]
   },
   {
      "country-code": "ml",
      "display-name": "Mali",
      "aliases": [
         "mali"
      ]
   },
   {
      "country-code": "mt",
      "display-name": "Malta",
      "aliases": [
         "malta"
      ]
   },
   {
      "country-code": "mh",
      "display-name": "Marshall Islands",
      "aliases": [
         "marshall islands"
      ]
   },
   {
      "country-code": "mq",
      "display-name": "Martinique",
      "aliases": [
         "martinique"
      ]
   },
   {
      "country-code": "mr",
      "display-name": "Mauritania",
      "aliases": [
         "mauritania"
      ]
   },
   {
      "country-code": "mu",
      "display-name": "Mauritius",
      "aliases": [
         "mauritius"
      ]
   },
   {
      "country-code": "yt",
      "display-name": "Mayotte",
      "aliases": [
         "mayotte"
      ]
   },
   {
      "country-code": "mx",
      "display-name": "Mexico",
      "aliases": [
         "mexico"
      ]
   },
   {
      "country-code": "fm",
      "display-name": ",Federated States of Micronesia",
      "aliases": [
         "micronesia"
      ]
   },
   {
      "country-code": "md",
      "display-name": "Republic of Moldova",
      "aliases": [
         "moldova"
      ]
   },
   {
      "country-code": "mc",
      "display-name": "Monaco",
      "aliases": [
         "monaco"
      ]
   },
   {
      "country-code": "mn",
      "display-name": "Mongolia",
      "aliases": [
         "mongolia"
      ]
   },
   {
      "country-code": "me",
      "display-name": "Montenegro",
      "aliases": [
         "montenegro"
      ]
   },
   {
      "country-code": "ms",
      "display-name": "Montserrat",
      "aliases": [
         "montserrat"
      ]
   },
   {
      "country-code": "ma",
      "display-name": "Morocco",
      "aliases": [
         "morocco"
      ]
   },
   {
      "country-code": "mz",
      "display-name": "Mozambique",
      "aliases": [
         "mozambique"
      ]
   },
   {
      "country-code": "mm",
      "display-name": "Myanmar",
      "aliases": [
         "myanmar"
      ]
   },
   {
      "country-code": "na",
      "display-name": "Namibia",
      "aliases": [
         "namibia"
      ]
   },
   {
      "country-code": "nr",
      "display-name": "Nauru",
      "aliases": [
         "nauru"
      ]
   },
   {
      "country-code": "np",
      "display-name": "Nepal",
      "aliases": [
         "nepal"
      ]
   },
   {
      "country-code": "nl",
      "display-name": "Netherlands",
      "aliases": [
         "netherlands"
      ]
   },
   {
      "country-code": "nc",
      "display-name": "New Caledonia",
      "aliases": [
         "new caledonia"
      ]
   },
   {
      "country-code": "nz",
      "display-name": "New Zealand",
      "aliases": [
         "new zealand"
      ]
   },
   {
      "country-code": "ni",
      "display-name": "Nicaragua",
      "aliases": [
         "nicaragua"
      ]
   },
   {
      "country-code": "ne",
      "display-name": "Niger",
      "aliases": [
         "niger"
      ]
   },
   {
      "country-code": "ng",
      "display-name": "Nigeria",
      "aliases": [
         "nigeria"
      ]
   },
   {
      "country-code": "nu",
      "display-name": "Niue",
      "aliases": [
         "niue"
      ]
   },
   {
      "country-code": "nf",
      "display-name": "Norfolk Island",
      "aliases": [
         "norfolk island"
      ]
   },
   {
      "country-code": "mp",
      "display-name": "Northern Mariana Islands",
      "aliases": [
         "northern mariana islands"
      ]
   },
   {
      "country-code": "no",
      "display-name": "Norway",
      "aliases": [
         "norway"
      ]
   },
   {
      "country-code": "om",
      "display-name": "Oman",
      "aliases": [
         "oman"
      ]
   },
   {
      "country-code": "pk",
      "display-name": "Pakistan",
      "aliases": [
         "pakistan"
      ]
   },
   {
      "country-code": "pw",
      "display-name": "Palau",
      "aliases": [
         "palau"
      ]
   },
   {
      "country-code": "ps",
      "display-name": "State of Palestine",
      "aliases": [
         "palestine"
      ]
   },
   {
      "country-code": "pa",
      "display-name": "Panama",
      "aliases": [
         "panama"
      ]
   },
   {
      "country-code": "pg",
      "display-name": "Papua New Guinea",
      "aliases": [
         "papua new guinea"
      ]
   },
   {
      "country-code": "py",
      "display-name": "Paraguay",
      "aliases": [
         "paraguay"
      ]
   },
   {
      "country-code": "pe",
      "display-name": "Peru",
      "aliases": [
         "peru"
      ]
   },
   {
      "country-code": "ph",
      "display-name": "Philippines",
      "aliases": [
         "philippines"
      ]
   },
   {
      "country-code": "pn",
      "display-name": "Pitcairn",
      "aliases": [
         "pitcairn"
      ]
   },
   {
      "country-code": "pl",
      "display-name": "Poland",
      "aliases": [
         "poland"
      ]
   },
   {
      "country-code": "pt",
      "display-name": "Portugal",
      "aliases": [
         "portugal"
      ]
   },
   {
      "country-code": "pr",
      "display-name": "Puerto Rico",
      "aliases": [
         "puerto rico"
      ]
   },
   {
      "country-code": "qa",
      "display-name": "Qatar",
      "aliases": [
         "qatar"
      ]
   },
   {
      "country-code": "ro",
      "display-name": "Romania",
      "aliases": [
         "romania"
      ]
   },
   {
      "country-code": "ru",
      "display-name": "Russian Federation",
      "aliases": [
         "russian federation",
         "russia"
      ]
   },
   {
      "country-code": "rw",
      "display-name": "Rwanda",
      "aliases": [
         "rwanda"
      ]
   },
   {
      "country-code": "re",
      "display-name": "R\u00e9union",
      "aliases": [
         "r\u00e9union",
         " réunion "
      ]
   },
   {
     "country-code": "gb-sct",
     "display-name": "Scotland",
     "aliases": [
       "scotland"
     ]
   },
   {
      "country-code": "bl",
      "display-name": "Saint Barth\u00e9lemy",
      "aliases": [
         "saint barth\u00e9lemy",
         "saint barthélemy",
         "saint bathelemy"
      ]
   },
   {
      "country-code": "sh",
      "display-name": "Saint Helena, Ascension and Tristan da Cunha",
      "aliases": [
         "saint helena, ascension and tristan da cunha",
         "saint helena"

      ]
   },
   {
      "country-code": "kn",
      "display-name": "Saint Kitts and Nevis",
      "aliases": [
         "saint kitts and nevis",
         "saint kitts",
         "nevis"
      ]
   },
   {
      "country-code": "lc",
      "display-name": "Saint Lucia",
      "aliases": [
         "saint lucia"
      ]
   },
   {
      "country-code": "mf",
      "display-name": "Saint Martin (French part)",
      "aliases": [
         "saint martin"
      ]
   },
   {
      "country-code": "pm",
      "display-name": "Saint Pierre and Miquelon",
      "aliases": [
         "saint pierre and miquelon",
         "miquelon",
         "saint pierre"
      ]
   },
   {
      "country-code": "vc",
      "display-name": "Saint Vincent and the Grenadines",
      "aliases": [
         "saint vincent and the grenadines",
         "saint vincent",
         "the grenadines"
      ]
   },
   {
      "country-code": "ws",
      "display-name": "Samoa",
      "aliases": [
         "samoa"
      ]
   },
   {
      "country-code": "sm",
      "display-name": "San Marino",
      "aliases": [
         "san marino"
      ]
   },
   {
      "country-code": "st",
      "display-name": "Sao Tome and Principe",
      "aliases": [
         "sao tome and principe",
         "sao tome",
         "principe"
      ]
   },
   {
      "country-code": "sa",
      "display-name": "Saudi Arabia",
      "aliases": [
         "saudi arabia"
      ]
   },
   {
      "country-code": "sn",
      "display-name": "Senegal",
      "aliases": [
         "senegal"
      ]
   },
   {
      "country-code": "rs",
      "display-name": "Serbia",
      "aliases": [
         "serbia"
      ]
   },
   {
      "country-code": "sc",
      "display-name": "Seychelles",
      "aliases": [
         "seychelles"
      ]
   },
   {
      "country-code": "sl",
      "display-name": "Sierra Leone",
      "aliases": [
         "sierra leone"
      ]
   },
   {
      "country-code": "sg",
      "display-name": "Singapore",
      "aliases": [
         "singapore"
      ]
   },
   {
      "country-code": "sx",
      "display-name": "Sint Maarten (Dutch part)",
      "aliases": [
         "sint maarten"
      ]
   },
   {
      "country-code": "sk",
      "display-name": "Slovakia",
      "aliases": [
         "slovakia"
      ]
   },
   {
      "country-code": "si",
      "display-name": "Slovenia",
      "aliases": [
         "slovenia"
      ]
   },
   {
      "country-code": "sb",
      "display-name": "Solomon Islands",
      "aliases": [
         "solomon islands"
      ]
   },
   {
      "country-code": "so",
      "display-name": "Somalia",
      "aliases": [
         "somalia"
      ]
   },
   {
      "country-code": "za",
      "display-name": "South Africa",
      "aliases": [
         "south africa"
      ]
   },
   {
      "country-code": "gs",
      "display-name": "South Georgia and the South Sandwich Islands",
      "aliases": [
         "south georgia",
         "south sandwich islands"
      ]
   },
   {
      "country-code": "ss",
      "display-name": "South Sudan",
      "aliases": [
         "south sudan"
      ]
   },
   {
      "country-code": "es",
      "display-name": "Spain",
      "aliases": [
         "spain"
      ]
   },
   {
      "country-code": "lk",
      "display-name": "Sri Lanka",
      "aliases": [
         "sri lanka"
      ]
   },
   {
      "country-code": "sd",
      "display-name": "Sudan",
      "aliases": [
         "sudan"
      ]
   },
   {
      "country-code": "sr",
      "display-name": "Suriname",
      "aliases": [
         "suriname"
      ]
   },
   {
      "country-code": "sj",
      "display-name": "Svalbard and Jan Mayen",
      "aliases": [
         "jan mayen",
         "svalbard"
      ]
   },
   {
      "country-code": "sz",
      "display-name": "Swaziland",
      "aliases": [
         "swaziland"
      ]
   },
   {
      "country-code": "se",
      "display-name": "Sweden",
      "aliases": [
         "sweden"
      ]
   },
   {
      "country-code": "ch",
      "display-name": "Switzerland",
      "aliases": [
         "switzerland"
      ]
   },
   {
      "country-code": "sy",
      "display-name": "Syrian Arab Republic",
      "aliases": [
         "syrian arab republic",
         "syria"
      ]
   },
   {
      "country-code": "tw",
      "display-name": "Taiwan, Province of China",
      "aliases": [
         "taiwan, province of china",
         "taiwan"
      ]
   },
   {
      "country-code": "tj",
      "display-name": "Tajikistan",
      "aliases": [
         "tajikistan"
      ]
   },
   {
      "country-code": "tz",
      "display-name": "United Republic of Tanzania",
      "aliases": [
         "tanzania"
      ]
   },
   {
      "country-code": "th",
      "display-name": "Thailand",
      "aliases": [
         "thailand"
      ]
   },
   {
      "country-code": "tl",
      "display-name": "Timor-Leste",
      "aliases": [
         "timor-leste"
      ]
   },
   {
      "country-code": "tg",
      "display-name": "Togo",
      "aliases": [
         "togo"
      ]
   },
   {
      "country-code": "tk",
      "display-name": "Tokelau",
      "aliases": [
         "tokelau"
      ]
   },
   {
      "country-code": "to",
      "display-name": "Tonga",
      "aliases": [
         "tonga"
      ]
   },
   {
      "country-code": "tt",
      "display-name": "Trinidad and Tobago",
      "aliases": [
         "trinidad",
         "tobago"
      ]
   },
   {
      "country-code": "tn",
      "display-name": "Tunisia",
      "aliases": [
         "tunisia"
      ]
   },
   {
      "country-code": "tr",
      "display-name": "Turkey",
      "aliases": [
         "turkey"
      ]
   },
   {
      "country-code": "tm",
      "display-name": "Turkmenistan",
      "aliases": [
         "turkmenistan"
      ]
   },
   {
      "country-code": "tc",
      "display-name": "Turks and Caicos Islands",
      "aliases": [
         "caicos islands",
         "turks islands"
      ]
   },
   {
      "country-code": "tv",
      "display-name": "Tuvalu",
      "aliases": [
         "tuvalu"
      ]
   },
   {
      "country-code": "ug",
      "display-name": "Uganda",
      "aliases": [
         "uganda"
      ]
   },
   {
      "country-code": "ua",
      "display-name": "Ukraine",
      "aliases": [
         "ukraine"
      ]
   },
   {
      "country-code": "ae",
      "display-name": "United Arab Emirates",
      "aliases": [
         "united arab emirates",
         " uae "
      ]
   },
   {
      "country-code": "us",
      "display-name": "United States",
      "aliases": [
         "united states",
         "america",
         " usa ",
         "unites states of america",
         "murica"
      ]
   },
   {
      "country-code": "um",
      "display-name": "United States Minor Outlying Islands",
      "aliases": [
         "united states minor outlying islands"
      ]
   },
   {
      "country-code": "gb-eng",
      "display-name": "England",
      "aliases": [
         "england"
      ]
   },
   {
      "country-code": "uy",
      "display-name": "Uruguay",
      "aliases": [
         "uruguay"
      ]
   },
   {
      "country-code": "uz",
      "display-name": "Uzbekistan",
      "aliases": [
         "uzbekistan"
      ]
   },
   {
      "country-code": "vu",
      "display-name": "Vanuatu",
      "aliases": [
         "vanuatu"
      ]
   },
   {
      "country-code": "ve",
      "display-name": "Venezuela, Bolivarian Republic of",
      "aliases": [
         "venezuela, bolivarian republic of"
      ]
   },
   {
      "country-code": "vn",
      "display-name": "Viet Nam",
      "aliases": [
         "viet nam"
      ]
   },
   {
      "country-code": "vg",
      "display-name": "Virgin Islands, British",
      "aliases": [
         "virgin islands, british"
      ]
   },
   {
      "country-code": "vi",
      "display-name": "Virgin Islands, U.S.",
      "aliases": [
         "virgin islands, u.s."
      ]
   },
   {
      "country-code": "wf",
      "display-name": "Wallis and Futuna",
      "aliases": [
         "futuna",
         "wallis"
      ]
   },
   {
      "country-code": "eh",
      "display-name": "Western Sahara",
      "aliases": [
         "western sahara"
      ]
   },
   {
      "country-code": "ye",
      "display-name": "Yemen",
      "aliases": [
         "yemen"
      ]
   },
   {
      "country-code": "zm",
      "display-name": "Zambia",
      "aliases": [
         "zambia"
      ]
   },
   {
      "country-code": "zw",
      "display-name": "Zimbabwe",
      "aliases": [
         "zimbabwe"
      ]
   },
   {
      "country-code": "ax",
      "display-name": "\u00c5land Islands",
      "aliases": [
         "\u00e5land islands",
         "Åland island",
         "aland islands"
      ]
   }
]
